{"cameraMode":{"drawMode":0,"name":"Shaded","section":"Shading Mode"},"sceneLighting":true,"audioPlay":false,"sceneViewState":{"m_AlwaysRefresh":false,"showFog":true,"showSkybox":true,"showFlares":true,"showImageEffects":true,"showParticleSystems":true,"showVisualEffectGraphs":true,"m_FxEnabled":true},"in2DMode":false,"pivot":{"x":1.2589998245239258,"y":2.4099998474121095,"z":-2.373000144958496},"rotation":{"x":-0.06564291566610336,"y":0.8311234712600708,"z":-0.10047746449708939,"w":-0.5429815649986267},"size":1.7412229776382447,"orthographic":false}